table,column,description,data_type,example
Transactions,transaction_id,Unique transaction identifier,Text,T20250101ABC123
Transactions,date,Transaction date (YYYY-MM-DD),Date,2025-11-01
Transactions,customer_id,Customer identifier,Text,C00001
Transactions,type,Income / Expense / EMI Payment,Text,Expense
Transactions,category,Spending/earning category,Text,Groceries
Transactions,amount,Transaction amount in INR,Number,2200
Transactions,payment_mode,UPI / Bank / Card,Text,UPI
Transactions,channel,Online / Offline,Text,Online
Transactions,merchant_id,Merchant identifier (blank for Income),Text,M0001
Transactions,is_recurring,1 if recurring expense else 0,Integer,1
Transactions,notes,Optional notes,Text,Monthly EMI
Customers,customer_id,Customer identifier,Text,C00001
Customers,segment,Customer segment,Text,Salaried
Customers,age,Customer age,Integer,29
Customers,city,Customer city,Text,City_01
Customers,state,Customer state,Text,State_03
Customers,customer_since,Customer onboarding date,Date,2024-06-12
Loans,loan_id,Loan identifier,Text,L00001
Loans,customer_id,Customer identifier,Text,C00021
Loans,loan_type,Type of loan,Text,Personal Loan
Loans,loan_amount,Principal amount,Number,120000
Loans,interest_rate_percent,Annual interest rate %,Number,14.0
Loans,tenure_months,Tenure in months,Integer,24
Loans,emi_amount,Monthly EMI amount,Number,5200
Loans,start_date,Loan start date,Date,2025-02-15
EMI_Payments,month,Billing month (YYYY-MM),Text,2025-11
EMI_Payments,due_date,EMI due date,Date,2025-11-25
EMI_Payments,emi_amount,Scheduled EMI amount,Number,5200
EMI_Payments,paid_amount,Amount paid,Number,5200
EMI_Payments,payment_date,Payment date (blank if pending),Date/Text,2025-11-25
EMI_Payments,status,Paid / Pending,Text,Paid
